<?xml version="1.0" encoding="UTF-8"?>
<project-private xmlns="http://www.netbeans.org/ns/project-private/1">
    <editor-bookmarks xmlns="http://www.netbeans.org/ns/editor-bookmarks/2" lastBookmarkId="0"/>
    <open-files xmlns="http://www.netbeans.org/ns/projectui-open-files/2">
        <group>
            <file>file:/C:/Users/user/Desktop/Degree%20Level%202/Java/OODJ_Assignment/src/oodj_assignment/PaymentandFeedback.java</file>
            <file>file:/C:/Users/user/Desktop/Degree%20Level%202/Java/OODJ_Assignment/src/oodj_assignment/Login.java</file>
            <file>file:/C:/Users/user/Desktop/Degree%20Level%202/Java/OODJ_Assignment/src/oodj_assignment/TechAppointmentView.java</file>
            <file>file:/C:/Users/user/Desktop/Degree%20Level%202/Java/OODJ_Assignment/src/oodj_assignment/AppointmentView.java</file>
            <file>file:/C:/Users/user/Desktop/Degree%20Level%202/Java/OODJ_Assignment/src/oodj_assignment/ManagerMainPage.java</file>
            <file>file:/C:/Users/user/Desktop/Degree%20Level%202/Java/OODJ_Assignment/src/oodj_assignment/Appointment.java</file>
            <file>file:/C:/Users/user/Desktop/Degree%20Level%202/Java/OODJ_Assignment/src/oodj_assignment/Departure.java</file>
            <file>file:/C:/Users/user/Desktop/Degree%20Level%202/Java/OODJ_Assignment/src/oodj_assignment/FileIO.java</file>
            <file>file:/C:/Users/user/Desktop/Degree%20Level%202/Java/OODJ_Assignment/src/oodj_assignment/TechnicianAccount.java</file>
            <file>file:/C:/Users/user/Desktop/Degree%20Level%202/Java/OODJ_Assignment/src/oodj_assignment/Customer.java</file>
            <file>file:/C:/Users/user/Desktop/Degree%20Level%202/Java/OODJ_Assignment/src/oodj_assignment/AppointmentHistoryView.java</file>
            <file>file:/C:/Users/user/Desktop/Degree%20Level%202/Java/OODJ_Assignment/src/oodj_assignment/CustomerEdit.java</file>
            <file>file:/C:/Users/user/Desktop/Degree%20Level%202/Java/OODJ_Assignment/src/oodj_assignment/ManagerRegistration.java</file>
        </group>
    </open-files>
</project-private>
